pos_x,pos_y,rotation,side,designator,mpn,pack,footprint,value,mount_type
116.3,-113.6,-90.0,top,C1,,,C_0603,2.2uF,smt
116.65,-118.65,0.0,top,C13,,,C_0402,10uF,smt
125.3,-101.2,180.0,top,C15,,,C_0402,100nF,smt
117.75,-113.3,-90.0,top,C16,,,C_0402,100nF,smt
117.5,-82.2,90.0,top,C19,,,C_0402,1uF,smt
117.5,-108.9,90.0,top,C2,,,C_0603,10uF,smt
161.5,-112.85,90.0,top,C20,,,C_0402,10uF,smt
154.1,-76.35,90.0,top,C21,,,C_0402,100nF,smt
162.5,-112.85,90.0,top,C23,,,C_0402,100nF,smt
163.5,-112.85,90.0,top,C24,,,C_0402,33pF,smt
182.05,-113.2801,0.0,top,C27,,,C_0402,100pF,smt
180.56,-109.56,90.0,top,C28,,,C_0402,100pF,smt
179.45,-110.53,-90.0,top,C29,,,C_0402,100nF,smt
144.05,-107.22,90.0,top,C30,,,C_0402,100nF,smt
119.5,-115.6,-90.0,top,C34,,,C_0603,10uF,smt
122.4187,-107.3875,90.0,top,C35,,,C_0402,1nF,smt
172.3,-82.65,90.0,top,C36,,,C_0402,100nF,smt
116.375,-97.4,-90.0,top,C37,,,C_0603,10uF,smt
150.65,-94.05,0.0,top,C39,,,C_0402,100nF,smt
113.0,-83.0,90.0,top,C4,,,C_0402,10uF,smt
162.15,-110.2,-90.0,top,C40,,,C_0402,100nF,smt
157.0,-106.4,180.0,top,C41,,,C_0402,1uF,smt
115.05,-113.3,-90.0,top,C42,,,C_0402,1uF,smt
161.15,-110.2,90.0,top,C43,,,C_0402,4.7uF,smt
166.72,-121.56,90.0,top,C44,,,C_0402,220pF,smt
167.74,-121.56,90.0,top,C45,,,C_0402,1uF,smt
134.14,-115.07,-90.0,top,C46,,,C_0402,100nF,smt
133.1525,-115.0725,-90.0,top,C47,,,C_0402,10uF,smt
132.18,-115.07,-90.0,top,C48,,,C_0402,10uF,smt
159.55,-111.2,-90.0,top,C5,,,C_0402,1uF,smt
118.5,-82.2,-90.0,top,C50,,,C_0402,100nF,smt
115.55,-82.7,180.0,top,C51,,,C_0603,22uF,smt
159.25,-81.25,0.0,top,C52,,,C_0402,100nF,smt
113.45,-108.85,90.0,top,C53,,,C_0402,1uF,smt
115.83,-103.61,-90.0,top,C54,,,C_0402,4.7uF,smt
110.9,-83.3,180.0,top,C56,,,C_0603,22uF,smt
119.5,-84.4,-90.0,top,C57,,,C_0402,1uF,smt
120.85,-115.6,-90.0,top,C6,,,C_0603,10uF,smt
171.25,-82.65,90.0,top,C7,,,C_0402,10uF,smt
119.5,-82.2,90.0,top,C8,,,C_0402,10nF,smt
163.15,-110.2,-90.0,top,C9,,,C_0402,33pF,smt
115.4,-85.9,90.0,top,D2,,,LED_0603_1608Metric,LED,smt
115.2,-105.85,180.0,top,D4,,,LED_0603_1608Metric,LED,smt
110.45,-115.4,180.0,top,D5,,,LED_0603_1608Metric,LED,smt
178.16,-85.23,90.0,top,DNP2,,,C_0402,~,smt
181.5,-86.2,-90.0,top,DNP4,,,C_0402,~,smt
177.4,-113.8,-90.0,top,DNP6,,,C_0402,~,smt
180.55,-112.78,90.0,top,DNP7,,,C_0402,~,smt
156.44,-77.665,90.0,top,FLASH1,,,SW_TS-1088-AR02016,"Tactile Button, 160gf",smt
184.95,-121.29,0.0,top,H1,,,MountingHole_3mm,MountingHole,tht
108.88,-77.29,0.0,top,H2,,,MountingHole_3mm,MountingHole,tht
184.95,-77.29,0.0,top,H3,,,MountingHole_3mm,MountingHole,tht
108.87,-121.28,0.0,top,H4,,,MountingHole_3mm,MountingHole,tht
145.1,-114.75,0.0,top,J1,,,TF-SMD_TF-01A,Micro_SD_Card_Det1,smt
124.69,-122.35,0.0,top,J2,,,USB_C_Receptacle_HCTL_HC-TYPE-C-16P-01A,USB_C_Receptacle_USB2.0_14P,smt
156.58,-122.09,90.0,top,J3,,,PinSocket_1x04_P2.54mm_Vertical,Conn_01x04_Pin,tht
103.925,-115.8,180.0,top,J4,,,PinSocket_1x14_P2.54mm_Vertical,Conn_01x14_Pin,tht
184.975,-95.475,0.0,top,J6,,,PinSocket_1x04_P2.54mm_Vertical,Conn_01x04_Pin,tht
184.7,-113.3,0.0,top,J8,,,IPEX-SMD_BWIPX-1-001E,U.FL,smt
128.6175,-111.5775,90.0,top,JP3,,,SolderJumper-3_P1.3mm_Open_RoundedPad1.0x1.5mm,SolderJumper_3_Open,tht
182.21,-110.06,0.0,top,L2,,,L_0402,68nH,smt
115.539,-120.854,0.0,top,P1,,,CONN-TH_1.25T-1-2A,1_25T-1-2A,tht
133.4252,-120.9,0.0,top,P2,,,CONN-TH_1.25T-1-2A,1_25T-1-2A,tht
151.3,-79.3,0.0,top,R1,,,R_0402,100kΩ,tht
179.85,-85.75,0.0,top,R10,,,R_0402,0Ω,tht
174.3,-102.55,0.0,top,R11,,,R_0402,10kΩ,tht
114.0,-85.35,90.0,top,R12,,,R_0402,470Ω,tht
123.0,-116.12,90.0,top,R13,,,R_0402,5.1kΩ,tht
140.75,-105.55,90.0,top,R14,,,R_0402,10kΩ,tht
158.65,-117.4,-90.0,top,R15,,,R_0402,33Ω,tht
139.55,-107.5,-90.0,top,R16,,,R_0402,10kΩ,tht
146.05,-105.5,0.0,top,R17,,,R_0402,10kΩ,tht
111.0,-114.1,180.0,top,R18,,,R_0402,1kΩ,tht
115.5,-107.15,180.0,top,R2,,,R_0402,1kΩ,tht
156.2,-117.4,-90.0,top,R20,,,R_0402,33Ω,tht
155.4,-81.35,180.0,top,R22,,,R_0402,10kΩ,tht
114.45,-118.65,180.0,top,R23,,,R_0402,47kΩ,tht
147.35,-107.55,-90.0,top,R25,,,R_0402,10kΩ,tht
179.0,-113.3,0.0,top,R30,,,R_0402,0Ω,tht
106.35,-87.5,90.0,top,R31,,,R_0402,10kΩ,tht
112.65,-114.65,-90.0,top,R32,,,R_0402,510Ω,tht
112.5,-104.9,90.0,top,R33,,,R_0402,100kΩ,tht
124.2,-112.82,90.0,top,R34,,,R_0402,33Ω,tht
125.22,-112.82,90.0,top,R35,,,R_0402,33Ω,tht
106.35,-110.2,90.0,top,R37,,,R_0402,10kΩ,tht
111.4,-104.9,-90.0,top,R38,,,R_0402,22kΩ,tht
147.6,-100.7,90.0,top,R4,,,R_0402,10kΩ,tht
114.45,-117.6,0.0,top,R40,,,R_0402,47kΩ,tht
110.0,-108.9,90.0,top,R41,,,R_0402,10kΩ,tht
126.4,-116.13,90.0,top,R42,,,R_0402,5.1kΩ,tht
150.8,-80.8,-90.0,top,R43,,,R_0402,33Ω,tht
165.6,-83.3,0.0,top,R44,,,R_0402,33Ω,tht
163.6,-83.3,0.0,top,R45,,,R_0402,33Ω,tht
161.55,-83.3,0.0,top,R46,,,R_0402,33Ω,tht
159.8,-117.4,-90.0,top,R47,,,R_0402,2.2kΩ,tht
155.1,-117.4,-90.0,top,R48,,,R_0402,2.2kΩ,tht
111.0,-112.2,90.0,top,R49,,,R_0402,10kΩ,tht
131.9,-108.8,-90.0,top,R5,,,R_0402,33Ω,tht
119.7,-105.65,180.0,top,R50,,,R_0402,0Ω,tht
109.8,-111.8,90.0,top,R51,,,R_0603,13kΩ,smt
111.8701,-108.85,-90.0,top,R52,,,R_0402,10kΩ,tht
113.8,-114.65,90.0,top,R53,,,R_0402,10kΩ,tht
177.8,-110.05,180.0,top,R54,,,R_0402,0Ω,tht
108.95,-84.9,180.0,top,R55,,,R_0402,33Ω,tht
111.475,-88.675,180.0,top,R56,,,R_0402,33Ω,tht
168.8,-102.6,180.0,top,R57,,,R_0402,33Ω,tht
140.75,-107.575,-90.0,top,R58,,,R_0402,33Ω,tht
141.2,-92.1,-90.0,top,R59,,,R_0402,33Ω,tht
141.2,-94.6,-90.0,top,R60,,,R_0402,33Ω,tht
138.5,-107.5,90.0,top,R61,,,R_0402,10kΩ,tht
106.35,-106.4,-90.0,top,R62,,,R_0402,10kΩ,tht
169.8,-82.65,90.0,top,R63,,,R_0402,10kΩ,tht
130.9,-101.8,90.0,top,R64,,,R_0402,33Ω,tht
132.2,-101.8,90.0,top,R65,,,R_0402,33Ω,tht
122.4187,-109.6875,90.0,top,R7,,,R_0402,100kΩ,tht
142.6,-87.0,-45.0,top,R70,,,R_0402,100Ω,tht
141.9,-87.7,-45.0,top,R71,,,R_0402,100Ω,tht
118.5,-84.4,-90.0,top,R72,,,R_0402,10kΩ,tht
176.63,-106.15,-90.0,top,R8,,,R_0402,0Ω,tht
160.2,-77.675,90.0,top,RESET1,,,SW_TS-1088-AR02016,"Tactile Button, 160gf",smt
177.65,-76.14,90.0,top,SW1,,,SW-SMD_EVQPUD02K,EVQPUC02K,smt
167.9501,-76.1358,90.0,top,SW2,,,SW-SMD_EVQPUD02K,EVQPUC02K,smt
158.6,-108.15,-90.0,top,U10,,,SOT-23-3_L2.9-W1.6-P1.90-LS2.8-BR,XC6206P332MR,smt
113.0675,-102.16,180.0,top,U12,,,SOT-23-5,TLV62569DBV,smt
151.98,-98.21,-90.0,top,U14,,,QFN-28-1EP_6x6mm_P0.65mm_EP4.25x4.25mm,MCP23017_ML,smt
185.35,-85.65,0.0,top,U15,,,SMA-SMD_BWSMA-KE-P001,HJ-SMA275,smt
168.8,-92.7349,-90.0,top,U17,,,COMM-SMD_17P-L17.0-W16.0-P2.00_RA-01S-P,RA-01SH-P,smt
169.85,-110.0499,0.0,top,U18,,,GPSM-SMD_18P-L10.1-W9.7-P1.10,L76KB-A58,smt
133.59,-111.7725,0.0,top,U19,,,TQFN-16-1EP_3x3mm_P0.5mm_EP1.23x1.23mm,MAX98357A,smt
151.9251,-76.5124,90.0,top,U3,,,SENSOR-SMD_ICS-43432,ICS-43432,smt
130.2499,-90.3385,0.0,top,U4,,,WIRELM-SMD_ESP32-S3-WROOM-1,ESP32-S3-WROOM-1(N16R8),smt
174.6496,-121.95,0.0,top,U5,,,SW-TH_SK-12D02-VG5,SK-12D02-VG5,tht
124.6925,-115.5,90.0,top,U6,,,SOT-666,USBLC6-2P6,smt
113.0302,-111.7722,180.0,top,U7,,,WSON-10_L2.2-W2.0-P0.40-BL-EP_TI_DLH0010A,BQ25185DLHR,smt
120.15,-108.55,90.0,top,U8,,,SOT-23-6,TPS22917LDBV,smt
113.0,-97.4999,90.0,top,U9,,,IND-SMD_L4.6-W4.1,MHCI04020-2R2M-R8,smt
